1,rajesh,998877104,SNAP,approved,300.0,AMEX,9988776655443
2,rajesh,998877104,SNAP,approved,300.0,AMEX,9988776655443
3,rajesh,998877104,SNAP,approved,300.0,AMEX,9988776655443
4,rajesh,998877104,SNAP,approved,300.0,AMEX,9988776655443
5,rajesh,998877104,SNAP,approved,300.0,AMEX,9988776655443
6,rajesh,998877104,SNAP,approved,300.0,AMEX,9988776655443
7,rajesh,998877104,SNAP,approved,300.0,AMEX,9988776655443
8,rajesh,998877104,SNAP,approved,300.0,AMEX,9988776655443
9,rajesh,998877104,SNAP,approved,300.0,AMEX,9988776655443
10,rajesh,998877104,SNAP,approved,300.0,AMEX,9988776655443
11,rajesh,998877104,SNAP,approved,300.0,AMEX,9988776655443
12,rajesh,998877104,SNAP,approved,300.0,AMEX,9988776655443
13,rajesh,998877104,SNAP,approved,300.0,AMEX,9988776655443
14,rajesh,998877104,SNAP,approved,300.0,AMEX,9988776655443
15,rajesh,998877104,SNAP,approved,300.0,AMEX,9988776655443
16,rajesh,998877104,SNAP,approved,300.0,AMEX,9988776655443
17,rajesh,998877104,SNAP,approved,300.0,AMEX,9988776655443
18,rajesh,998877104,SNAP,approved,300.0,AMEX,9988776655443
19,rajesh,998877104,SNAP,approved,300.0,AMEX,9988776655443
20,rajesh,998877104,SNAP,approved,300.0,AMEX,9988776655443
21,rajesh,998877104,SNAP,approved,300.0,AMEX,9988776655443
22,rajesh,998877104,SNAP,approved,300.0,AMEX,9988776655443
23,rajesh,998877104,SNAP,approved,300.0,AMEX,9988776655443
24,rajesh,998877104,SNAP,approved,300.0,AMEX,9988776655443
25,rajesh,998877104,SNAP,approved,300.0,AMEX,9988776655443
26,rajesh,998877104,SNAP,approved,300.0,AMEX,9988776655443
27,rajesh,998877104,SNAP,approved,300.0,AMEX,9988776655443
28,rajesh,998877104,SNAP,approved,300.0,AMEX,9988776655443
29,rajesh,998877104,SNAP,approved,300.0,AMEX,9988776655443
30,rajesh,998877104,SNAP,approved,300.0,AMEX,9988776655443
31,rajesh,998877104,SNAP,approved,300.0,AMEX,9988776655443
32,rajesh,998877104,SNAP,approved,300.0,AMEX,9988776655443
33,rajesh,998877104,SNAP,approved,300.0,AMEX,9988776655443
34,rajesh,998877104,SNAP,approved,300.0,AMEX,9988776655443
35,rajesh,998877104,SNAP,approved,300.0,AMEX,9988776655443
36,rajesh,998877104,SNAP,approved,300.0,AMEX,9988776655443
37,rajesh,998877104,SNAP,approved,300.0,AMEX,9988776655443
38,rajesh,998877104,SNAP,approved,300.0,AMEX,9988776655443
39,rajesh,998877104,SNAP,approved,300.0,AMEX,9988776655443
40,rajesh,998877104,SNAP,approved,300.0,AMEX,9988776655443
41,rajesh,998877104,SNAP,approved,300.0,AMEX,9988776655443
42,rajesh,998877104,SNAP,approved,300.0,AMEX,9988776655443
43,rajesh,998877104,SNAP,approved,300.0,AMEX,9988776655443
44,rajesh,998877104,SNAP,approved,300.0,AMEX,9988776655443
45,rajesh,998877104,SNAP,approved,300.0,AMEX,9988776655443
46,rajesh,998877104,SNAP,approved,300.0,AMEX,9988776655443
47,rajesh,998877104,SNAP,approved,300.0,AMEX,9988776655443
48,rajesh,998877104,SNAP,approved,300.0,AMEX,9988776655443
49,rajesh,998877104,SNAP,approved,300.0,AMEX,9988776655443
50,rajesh,998877104,SNAP,approved,300.0,AMEX,9988776655443
51,rajesh,998877104,SNAP,approved,300.0,AMEX,9988776655443
52,rajesh,998877104,SNAP,approved,300.0,AMEX,9988776655443
53,rajesh,998877104,SNAP,approved,300.0,AMEX,9988776655443
54,rajesh,998877104,SNAP,approved,300.0,AMEX,9988776655443
55,rajesh,998877104,SNAP,approved,300.0,AMEX,9988776655443
56,rajesh,998877104,SNAP,approved,300.0,AMEX,9988776655443
57,rajesh,998877104,SNAP,approved,300.0,AMEX,9988776655443
58,rajesh,998877104,SNAP,approved,300.0,AMEX,9988776655443
59,rajesh,998877104,SNAP,approved,300.0,AMEX,9988776655443
60,rajesh,998877104,SNAP,approved,300.0,AMEX,9988776655443
61,rajesh,998877104,SNAP,approved,300.0,AMEX,9988776655443
62,rajesh,998877104,SNAP,approved,300.0,AMEX,9988776655443
63,rajesh,998877104,SNAP,approved,300.0,AMEX,9988776655443
64,rajesh,998877104,SNAP,approved,300.0,AMEX,9988776655443
65,rajesh,998877104,SNAP,approved,300.0,AMEX,9988776655443
66,rajesh,998877104,SNAP,approved,300.0,AMEX,9988776655443
67,rajesh,998877104,SNAP,approved,300.0,AMEX,9988776655443
68,rajesh,998877104,SNAP,approved,300.0,AMEX,9988776655443
69,rajesh,998877104,SNAP,approved,300.0,AMEX,9988776655443
70,rajesh,998877104,SNAP,approved,300.0,AMEX,9988776655443
71,rajesh,998877104,SNAP,approved,300.0,AMEX,9988776655443
72,rajesh,998877104,SNAP,approved,300.0,AMEX,9988776655443
73,rajesh,998877104,SNAP,approved,300.0,AMEX,9988776655443
74,rajesh,998877104,SNAP,approved,300.0,AMEX,9988776655443
75,rajesh,998877104,SNAP,approved,300.0,AMEX,9988776655443
76,rajesh,998877104,SNAP,approved,300.0,AMEX,9988776655443
77,rajesh,998877104,SNAP,approved,300.0,AMEX,9988776655443
78,rajesh,998877104,SNAP,approved,300.0,AMEX,9988776655443
79,rajesh,998877104,SNAP,approved,300.0,AMEX,9988776655443
80,rajesh,998877104,SNAP,approved,300.0,AMEX,9988776655443
81,rajesh,998877104,SNAP,approved,300.0,AMEX,9988776655443
82,rajesh,998877104,SNAP,approved,300.0,AMEX,9988776655443
83,rajesh,998877104,SNAP,approved,300.0,AMEX,9988776655443
84,rajesh,998877104,SNAP,approved,300.0,AMEX,9988776655443
85,rajesh,998877104,SNAP,approved,300.0,AMEX,9988776655443
86,rajesh,998877104,SNAP,approved,300.0,AMEX,9988776655443
87,rajesh,998877104,SNAP,approved,300.0,AMEX,9988776655443
88,rajesh,998877104,SNAP,approved,300.0,AMEX,9988776655443
89,rajesh,998877104,SNAP,approved,300.0,AMEX,9988776655443
90,rajesh,998877104,SNAP,approved,300.0,AMEX,9988776655443
91,rajesh,998877104,SNAP,approved,300.0,AMEX,9988776655443
92,rajesh,998877104,SNAP,approved,300.0,AMEX,9988776655443
93,rajesh,998877104,SNAP,approved,300.0,AMEX,9988776655443
94,rajesh,998877104,SNAP,approved,300.0,AMEX,9988776655443
95,rajesh,998877104,SNAP,approved,300.0,AMEX,9988776655443
96,rajesh,998877104,SNAP,approved,300.0,AMEX,9988776655443
97,rajesh,998877104,SNAP,approved,300.0,AMEX,9988776655443
98,rajesh,998877104,SNAP,approved,300.0,AMEX,9988776655443
99,rajesh,998877104,SNAP,approved,300.0,AMEX,9988776655443
100,rajesh,998877104,SNAP,approved,300.0,AMEX,9988776655443
101,rajesh,998877104,SNAP,approved,300.0,AMEX,9988776655443
102,rajesh,998877104,SNAP,approved,300.0,AMEX,9988776655443
103,rajesh,998877104,SNAP,approved,300.0,AMEX,9988776655443
104,rajesh,998877104,SNAP,approved,300.0,AMEX,9988776655443
105,rajesh,998877104,SNAP,approved,300.0,AMEX,9988776655443
106,rajesh,998877104,SNAP,approved,300.0,AMEX,9988776655443
107,rajesh,998877104,SNAP,approved,300.0,AMEX,9988776655443
108,rajesh,998877104,SNAP,approved,300.0,AMEX,9988776655443
109,rajesh,998877104,SNAP,approved,300.0,AMEX,9988776655443
110,rajesh,998877104,SNAP,approved,300.0,AMEX,9988776655443
111,rajesh,998877104,SNAP,approved,300.0,AMEX,9988776655443
112,rajesh,998877104,SNAP,approved,300.0,AMEX,9988776655443
113,rajesh,998877104,SNAP,approved,300.0,AMEX,9988776655443
114,rajesh,998877104,SNAP,approved,300.0,AMEX,9988776655443
115,rajesh,998877104,SNAP,approved,300.0,AMEX,9988776655443
116,rajesh,998877104,SNAP,approved,300.0,AMEX,9988776655443
117,rajesh,998877104,SNAP,approved,300.0,AMEX,9988776655443
118,rajesh,998877104,SNAP,approved,300.0,AMEX,9988776655443
119,rajesh,998877104,SNAP,approved,300.0,AMEX,9988776655443
120,rajesh,998877104,SNAP,approved,300.0,AMEX,9988776655443
121,rajesh,998877104,SNAP,approved,300.0,AMEX,9988776655443
122,rajesh,998877104,SNAP,approved,300.0,AMEX,9988776655443
123,rajesh,998877104,SNAP,approved,300.0,AMEX,9988776655443
124,rajesh,998877104,SNAP,approved,300.0,AMEX,9988776655443
125,rajesh,998877104,SNAP,approved,300.0,AMEX,9988776655443
126,rajesh,998877104,SNAP,approved,300.0,AMEX,9988776655443
127,rajesh,998877104,SNAP,approved,300.0,AMEX,9988776655443
128,rajesh,998877104,SNAP,approved,300.0,AMEX,9988776655443
129,rajesh,998877104,SNAP,approved,300.0,AMEX,9988776655443
130,rajesh,998877104,SNAP,approved,300.0,AMEX,9988776655443
131,rajesh,998877104,SNAP,approved,300.0,AMEX,9988776655443
132,rajesh,998877104,SNAP,approved,300.0,AMEX,9988776655443
133,rajesh,998877104,SNAP,approved,300.0,AMEX,9988776655443
134,rajesh,998877104,SNAP,approved,300.0,AMEX,9988776655443
135,rajesh,998877104,SNAP,approved,300.0,AMEX,9988776655443
136,rajesh,998877104,SNAP,approved,300.0,AMEX,9988776655443
137,rajesh,998877104,SNAP,approved,300.0,AMEX,9988776655443
138,rajesh,998877104,SNAP,approved,300.0,AMEX,9988776655443
139,rajesh,998877104,SNAP,approved,300.0,AMEX,9988776655443
140,rajesh,998877104,SNAP,approved,300.0,AMEX,9988776655443
141,rajesh,998877104,SNAP,approved,300.0,AMEX,9988776655443
142,rajesh,998877104,SNAP,approved,300.0,AMEX,9988776655443
143,rajesh,998877104,SNAP,approved,300.0,AMEX,9988776655443
144,rajesh,998877104,SNAP,approved,300.0,AMEX,9988776655443
145,rajesh,998877104,SNAP,approved,300.0,AMEX,9988776655443
146,rajesh,998877104,SNAP,approved,300.0,AMEX,9988776655443
147,rajesh,998877104,SNAP,approved,300.0,AMEX,9988776655443
148,rajesh,998877104,SNAP,approved,300.0,AMEX,9988776655443
149,rajesh,998877104,SNAP,approved,300.0,AMEX,9988776655443
150,rajesh,998877104,SNAP,approved,300.0,AMEX,9988776655443
151,rajesh,998877104,SNAP,approved,300.0,AMEX,9988776655443
152,rajesh,998877104,SNAP,approved,300.0,AMEX,9988776655443
153,rajesh,998877104,SNAP,approved,300.0,AMEX,9988776655443
154,rajesh,998877104,SNAP,approved,300.0,AMEX,9988776655443
155,rajesh,998877104,SNAP,approved,300.0,AMEX,9988776655443
156,rajesh,998877104,SNAP,approved,300.0,AMEX,9988776655443
157,rajesh,998877104,SNAP,approved,300.0,AMEX,9988776655443
158,rajesh,998877104,SNAP,approved,300.0,AMEX,9988776655443
159,rajesh,998877104,SNAP,approved,300.0,AMEX,9988776655443
160,rajesh,998877104,SNAP,approved,300.0,AMEX,9988776655443
161,rajesh,998877104,SNAP,approved,300.0,AMEX,9988776655443
162,rajesh,998877104,SNAP,approved,300.0,AMEX,9988776655443
163,rajesh,998877104,SNAP,approved,300.0,AMEX,9988776655443
164,rajesh,998877104,SNAP,approved,300.0,AMEX,9988776655443
165,rajesh,998877104,SNAP,approved,300.0,AMEX,9988776655443
166,rajesh,998877104,SNAP,approved,300.0,AMEX,9988776655443
167,rajesh,998877104,SNAP,approved,300.0,AMEX,9988776655443
168,rajesh,998877104,SNAP,approved,300.0,AMEX,9988776655443
169,rajesh,998877104,SNAP,approved,300.0,AMEX,9988776655443
170,rajesh,998877104,SNAP,approved,300.0,AMEX,9988776655443
171,rajesh,998877104,SNAP,approved,300.0,AMEX,9988776655443
172,rajesh,998877104,SNAP,approved,300.0,AMEX,9988776655443
173,rajesh,998877104,SNAP,approved,300.0,AMEX,9988776655443
174,rajesh,998877104,SNAP,approved,300.0,AMEX,9988776655443
175,rajesh,998877104,SNAP,approved,300.0,AMEX,9988776655443
176,rajesh,998877104,SNAP,approved,300.0,AMEX,9988776655443
177,rajesh,998877104,SNAP,approved,300.0,AMEX,9988776655443
178,rajesh,998877104,SNAP,approved,300.0,AMEX,9988776655443
179,rajesh,998877104,SNAP,approved,300.0,AMEX,9988776655443
180,rajesh,998877104,SNAP,approved,300.0,AMEX,9988776655443
181,rajesh,998877104,SNAP,approved,300.0,AMEX,9988776655443
182,rajesh,998877104,SNAP,approved,300.0,AMEX,9988776655443
183,rajesh,998877104,SNAP,approved,300.0,AMEX,9988776655443
184,rajesh,998877104,SNAP,approved,300.0,AMEX,9988776655443
185,rajesh,998877104,SNAP,approved,300.0,AMEX,9988776655443
186,rajesh,998877104,SNAP,approved,300.0,AMEX,9988776655443
187,rajesh,998877104,SNAP,approved,300.0,AMEX,9988776655443
188,rajesh,998877104,SNAP,approved,300.0,AMEX,9988776655443
189,rajesh,998877104,SNAP,approved,300.0,AMEX,9988776655443
190,rajesh,998877104,SNAP,approved,300.0,AMEX,9988776655443
191,rajesh,998877104,SNAP,approved,300.0,AMEX,9988776655443
192,rajesh,998877104,SNAP,approved,300.0,AMEX,9988776655443
193,rajesh,998877104,SNAP,approved,300.0,AMEX,9988776655443
194,rajesh,998877104,SNAP,approved,300.0,AMEX,9988776655443
195,rajesh,998877104,SNAP,approved,300.0,AMEX,9988776655443
196,rajesh,998877104,SNAP,approved,300.0,AMEX,9988776655443
197,rajesh,998877104,SNAP,approved,300.0,AMEX,9988776655443
198,rajesh,998877104,SNAP,approved,300.0,AMEX,9988776655443
199,rajesh,998877104,SNAP,approved,300.0,AMEX,9988776655443
200,rajesh,998877104,SNAP,approved,300.0,AMEX,9988776655443
201,rajesh,998877104,SNAP,approved,300.0,AMEX,9988776655443
202,rajesh,998877104,SNAP,approved,300.0,AMEX,9988776655443
203,rajesh,998877104,SNAP,approved,300.0,AMEX,9988776655443
204,rajesh,998877104,SNAP,approved,300.0,AMEX,9988776655443
205,rajesh,998877104,SNAP,approved,300.0,AMEX,9988776655443
206,rajesh,998877104,SNAP,approved,300.0,AMEX,9988776655443
207,rajesh,998877104,SNAP,approved,300.0,AMEX,9988776655443
208,rajesh,998877104,SNAP,approved,300.0,AMEX,9988776655443
209,rajesh,998877104,SNAP,approved,300.0,AMEX,9988776655443
210,rajesh,998877104,SNAP,approved,300.0,AMEX,9988776655443
211,rajesh,998877104,SNAP,approved,300.0,AMEX,9988776655443
212,rajesh,998877104,SNAP,approved,300.0,AMEX,9988776655443
213,rajesh,998877104,SNAP,approved,300.0,AMEX,9988776655443
214,rajesh,998877104,SNAP,approved,300.0,AMEX,9988776655443
215,rajesh,998877104,SNAP,approved,300.0,AMEX,9988776655443
216,rajesh,998877104,SNAP,approved,300.0,AMEX,9988776655443
217,rajesh,998877104,SNAP,approved,300.0,AMEX,9988776655443
218,rajesh,998877104,SNAP,approved,300.0,AMEX,9988776655443
219,rajesh,998877104,SNAP,approved,300.0,AMEX,9988776655443
220,rajesh,998877104,SNAP,approved,300.0,AMEX,9988776655443
221,rajesh,998877104,SNAP,approved,300.0,AMEX,9988776655443
222,rajesh,998877104,SNAP,approved,300.0,AMEX,9988776655443
223,rajesh,998877104,SNAP,approved,300.0,AMEX,9988776655443
224,rajesh,998877104,SNAP,approved,300.0,AMEX,9988776655443
225,rajesh,998877104,SNAP,approved,300.0,AMEX,9988776655443
226,rajesh,998877104,SNAP,approved,300.0,AMEX,9988776655443
227,rajesh,998877104,SNAP,approved,300.0,AMEX,9988776655443
228,rajesh,998877104,SNAP,approved,300.0,AMEX,9988776655443
229,rajesh,998877104,SNAP,approved,300.0,AMEX,9988776655443
230,rajesh,998877104,SNAP,approved,300.0,AMEX,9988776655443
231,rajesh,998877104,SNAP,approved,300.0,AMEX,9988776655443
232,rajesh,998877104,SNAP,approved,300.0,AMEX,9988776655443
233,rajesh,998877104,SNAP,approved,300.0,AMEX,9988776655443
234,rajesh,998877104,SNAP,approved,300.0,AMEX,9988776655443
235,rajesh,998877104,SNAP,approved,300.0,AMEX,9988776655443
236,rajesh,998877104,SNAP,approved,300.0,AMEX,9988776655443
237,rajesh,998877104,SNAP,approved,300.0,AMEX,9988776655443
238,rajesh,998877104,SNAP,approved,300.0,AMEX,9988776655443
239,rajesh,998877104,SNAP,approved,300.0,AMEX,9988776655443
240,rajesh,998877104,SNAP,approved,300.0,AMEX,9988776655443
241,rajesh,998877104,SNAP,approved,300.0,AMEX,9988776655443
242,rajesh,998877104,SNAP,approved,300.0,AMEX,9988776655443
243,rajesh,998877104,SNAP,approved,300.0,AMEX,9988776655443
244,rajesh,998877104,SNAP,approved,300.0,AMEX,9988776655443
245,rajesh,998877104,SNAP,approved,300.0,AMEX,9988776655443
246,rajesh,998877104,SNAP,approved,300.0,AMEX,9988776655443
247,rajesh,998877104,SNAP,approved,300.0,AMEX,9988776655443
248,rajesh,998877104,SNAP,approved,300.0,AMEX,9988776655443
249,rajesh,998877104,SNAP,approved,300.0,AMEX,9988776655443
250,rajesh,998877104,SNAP,approved,300.0,AMEX,9988776655443
251,rajesh,998877104,SNAP,approved,300.0,AMEX,9988776655443
252,rajesh,998877104,SNAP,approved,300.0,AMEX,9988776655443
253,rajesh,998877104,SNAP,approved,300.0,AMEX,9988776655443
254,rajesh,998877104,SNAP,approved,300.0,AMEX,9988776655443
255,rajesh,998877104,SNAP,approved,300.0,AMEX,9988776655443
256,rajesh,998877104,SNAP,approved,300.0,AMEX,9988776655443
257,rajesh,998877104,SNAP,approved,300.0,AMEX,9988776655443
258,rajesh,998877104,SNAP,approved,300.0,AMEX,9988776655443
259,rajesh,998877104,SNAP,approved,300.0,AMEX,9988776655443
260,rajesh,998877104,SNAP,approved,300.0,AMEX,9988776655443
261,rajesh,998877104,SNAP,approved,300.0,AMEX,9988776655443
262,rajesh,998877104,SNAP,approved,300.0,AMEX,9988776655443
263,rajesh,998877104,SNAP,approved,300.0,AMEX,9988776655443
264,rajesh,998877104,SNAP,approved,300.0,AMEX,9988776655443
265,rajesh,998877104,SNAP,approved,300.0,AMEX,9988776655443
266,rajesh,998877104,SNAP,approved,300.0,AMEX,9988776655443
267,rajesh,998877104,SNAP,approved,300.0,AMEX,9988776655443
268,rajesh,998877104,SNAP,approved,300.0,AMEX,9988776655443
269,rajesh,998877104,SNAP,approved,300.0,AMEX,9988776655443
270,rajesh,998877104,SNAP,approved,300.0,AMEX,9988776655443
271,rajesh,998877104,SNAP,approved,300.0,AMEX,9988776655443
272,rajesh,998877104,SNAP,approved,300.0,AMEX,9988776655443
273,rajesh,998877104,SNAP,approved,300.0,AMEX,9988776655443
274,rajesh,998877104,SNAP,approved,300.0,AMEX,9988776655443
275,rajesh,998877104,SNAP,approved,300.0,AMEX,9988776655443
276,rajesh,998877104,SNAP,approved,300.0,AMEX,9988776655443
277,rajesh,998877104,SNAP,approved,300.0,AMEX,9988776655443
278,rajesh,998877104,SNAP,approved,300.0,AMEX,9988776655443
279,rajesh,998877104,SNAP,approved,300.0,AMEX,9988776655443
280,rajesh,998877104,SNAP,approved,300.0,AMEX,9988776655443
281,rajesh,998877104,SNAP,approved,300.0,AMEX,9988776655443
282,rajesh,998877104,SNAP,approved,300.0,AMEX,9988776655443
283,rajesh,998877104,SNAP,approved,300.0,AMEX,9988776655443
284,rajesh,998877104,SNAP,approved,300.0,AMEX,9988776655443
285,rajesh,998877104,SNAP,approved,300.0,AMEX,9988776655443
286,rajesh,998877104,SNAP,approved,300.0,AMEX,9988776655443
287,rajesh,998877104,SNAP,approved,300.0,AMEX,9988776655443
288,rajesh,998877104,SNAP,approved,300.0,AMEX,9988776655443
289,rajesh,998877104,SNAP,approved,300.0,AMEX,9988776655443
290,rajesh,998877104,SNAP,approved,300.0,AMEX,9988776655443
291,rajesh,998877104,SNAP,approved,300.0,AMEX,9988776655443
292,rajesh,998877104,SNAP,approved,300.0,AMEX,9988776655443
293,rajesh,998877104,SNAP,approved,300.0,AMEX,9988776655443
294,rajesh,998877104,SNAP,approved,300.0,AMEX,9988776655443
295,rajesh,998877104,SNAP,approved,300.0,AMEX,9988776655443
296,rajesh,998877104,SNAP,approved,300.0,AMEX,9988776655443
297,rajesh,998877104,SNAP,approved,300.0,AMEX,9988776655443
298,rajesh,998877104,SNAP,approved,300.0,AMEX,9988776655443
299,rajesh,998877104,SNAP,approved,300.0,AMEX,9988776655443
300,rajesh,998877104,SNAP,approved,300.0,AMEX,9988776655443
301,rajesh,998877104,SNAP,approved,300.0,AMEX,9988776655443
302,rajesh,998877104,SNAP,approved,300.0,AMEX,9988776655443
303,rajesh,998877104,SNAP,approved,300.0,AMEX,9988776655443
304,rajesh,998877104,SNAP,approved,300.0,AMEX,9988776655443
305,rajesh,998877104,SNAP,approved,300.0,AMEX,9988776655443
306,rajesh,998877104,SNAP,approved,300.0,AMEX,9988776655443
307,rajesh,998877104,SNAP,approved,300.0,AMEX,9988776655443
308,rajesh,998877104,SNAP,approved,300.0,AMEX,9988776655443
309,rajesh,998877104,SNAP,approved,300.0,AMEX,9988776655443
310,rajesh,998877104,SNAP,approved,300.0,AMEX,9988776655443
311,rajesh,998877104,SNAP,approved,300.0,AMEX,9988776655443
312,rajesh,998877104,SNAP,approved,300.0,AMEX,9988776655443
313,rajesh,998877104,SNAP,approved,300.0,AMEX,9988776655443
314,rajesh,998877104,SNAP,approved,300.0,AMEX,9988776655443
315,rajesh,998877104,SNAP,approved,300.0,AMEX,9988776655443
316,rajesh,998877104,SNAP,approved,300.0,AMEX,9988776655443
317,rajesh,998877104,SNAP,approved,300.0,AMEX,9988776655443
318,rajesh,998877104,SNAP,approved,300.0,AMEX,9988776655443
319,rajesh,998877104,SNAP,approved,300.0,AMEX,9988776655443
320,rajesh,998877104,SNAP,approved,300.0,AMEX,9988776655443
321,rajesh,998877104,SNAP,approved,300.0,AMEX,9988776655443
322,rajesh,998877104,SNAP,approved,300.0,AMEX,9988776655443
323,rajesh,998877104,SNAP,approved,300.0,AMEX,9988776655443
324,rajesh,998877104,SNAP,approved,300.0,AMEX,9988776655443
325,rajesh,998877104,SNAP,approved,300.0,AMEX,9988776655443
326,rajesh,998877104,SNAP,approved,300.0,AMEX,9988776655443
327,rajesh,998877104,SNAP,approved,300.0,AMEX,9988776655443
328,rajesh,998877104,SNAP,approved,300.0,AMEX,9988776655443
329,rajesh,998877104,SNAP,approved,300.0,AMEX,9988776655443
330,rajesh,998877104,SNAP,approved,300.0,AMEX,9988776655443
331,rajesh,998877104,SNAP,approved,300.0,AMEX,9988776655443
332,rajesh,998877104,SNAP,approved,300.0,AMEX,9988776655443
333,rajesh,998877104,SNAP,approved,300.0,AMEX,9988776655443
334,rajesh,998877104,SNAP,approved,300.0,AMEX,9988776655443
335,rajesh,998877104,SNAP,approved,300.0,AMEX,9988776655443
336,rajesh,998877104,SNAP,approved,300.0,AMEX,9988776655443
337,rajesh,998877104,SNAP,approved,300.0,AMEX,9988776655443
338,rajesh,998877104,SNAP,approved,300.0,AMEX,9988776655443
339,rajesh,998877104,SNAP,approved,300.0,AMEX,9988776655443
340,rajesh,998877104,SNAP,approved,300.0,AMEX,9988776655443
341,rajesh,998877104,SNAP,approved,300.0,AMEX,9988776655443
342,rajesh,998877104,SNAP,approved,300.0,AMEX,9988776655443
343,rajesh,998877104,SNAP,approved,300.0,AMEX,9988776655443
344,rajesh,998877104,SNAP,approved,300.0,AMEX,9988776655443
345,rajesh,998877104,SNAP,approved,300.0,AMEX,9988776655443
346,rajesh,998877104,SNAP,approved,300.0,AMEX,9988776655443
347,rajesh,998877104,SNAP,approved,300.0,AMEX,9988776655443
348,rajesh,998877104,SNAP,approved,300.0,AMEX,9988776655443
349,rajesh,998877104,SNAP,approved,300.0,AMEX,9988776655443
350,rajesh,998877104,SNAP,approved,300.0,AMEX,9988776655443
351,rajesh,998877104,SNAP,approved,300.0,AMEX,9988776655443
352,rajesh,998877104,SNAP,approved,300.0,AMEX,9988776655443
353,rajesh,998877104,SNAP,approved,300.0,AMEX,9988776655443
354,rajesh,998877104,SNAP,approved,300.0,AMEX,9988776655443
355,rajesh,998877104,SNAP,approved,300.0,AMEX,9988776655443
356,rajesh,998877104,SNAP,approved,300.0,AMEX,9988776655443
357,rajesh,998877104,SNAP,approved,300.0,AMEX,9988776655443
358,rajesh,998877104,SNAP,approved,300.0,AMEX,9988776655443
359,rajesh,998877104,SNAP,approved,300.0,AMEX,9988776655443
360,rajesh,998877104,SNAP,approved,300.0,AMEX,9988776655443
361,rajesh,998877104,SNAP,approved,300.0,AMEX,9988776655443
362,rajesh,998877104,SNAP,approved,300.0,AMEX,9988776655443
363,rajesh,998877104,SNAP,approved,300.0,AMEX,9988776655443
364,rajesh,998877104,SNAP,approved,300.0,AMEX,9988776655443
365,rajesh,998877104,SNAP,approved,300.0,AMEX,9988776655443
366,rajesh,998877104,SNAP,approved,300.0,AMEX,9988776655443
367,rajesh,998877104,SNAP,approved,300.0,AMEX,9988776655443
368,rajesh,998877104,SNAP,approved,300.0,AMEX,9988776655443
369,rajesh,998877104,SNAP,approved,300.0,AMEX,9988776655443
370,rajesh,998877104,SNAP,approved,300.0,AMEX,9988776655443
371,rajesh,998877104,SNAP,approved,300.0,AMEX,9988776655443
372,rajesh,998877104,SNAP,approved,300.0,AMEX,9988776655443
373,rajesh,998877104,SNAP,approved,300.0,AMEX,9988776655443
374,rajesh,998877104,SNAP,approved,300.0,AMEX,9988776655443
375,rajesh,998877104,SNAP,approved,300.0,AMEX,9988776655443
376,rajesh,998877104,SNAP,approved,300.0,AMEX,9988776655443
377,rajesh,998877104,SNAP,approved,300.0,AMEX,9988776655443
378,rajesh,998877104,SNAP,approved,300.0,AMEX,9988776655443
379,rajesh,998877104,SNAP,approved,300.0,AMEX,9988776655443
380,rajesh,998877104,SNAP,approved,300.0,AMEX,9988776655443
381,rajesh,998877104,SNAP,approved,300.0,AMEX,9988776655443
382,rajesh,998877104,SNAP,approved,300.0,AMEX,9988776655443
383,rajesh,998877104,SNAP,approved,300.0,AMEX,9988776655443
384,rajesh,998877104,SNAP,approved,300.0,AMEX,9988776655443
385,rajesh,998877104,SNAP,approved,300.0,AMEX,9988776655443
386,rajesh,998877104,SNAP,approved,300.0,AMEX,9988776655443
387,rajesh,998877104,SNAP,approved,300.0,AMEX,9988776655443
388,rajesh,998877104,SNAP,approved,300.0,AMEX,9988776655443
389,rajesh,998877104,SNAP,approved,300.0,AMEX,9988776655443
390,rajesh,998877104,SNAP,approved,300.0,AMEX,9988776655443
391,rajesh,998877104,SNAP,approved,300.0,AMEX,9988776655443
392,rajesh,998877104,SNAP,approved,300.0,AMEX,9988776655443
393,rajesh,998877104,SNAP,approved,300.0,AMEX,9988776655443
394,rajesh,998877104,SNAP,approved,300.0,AMEX,9988776655443
395,rajesh,998877104,SNAP,approved,300.0,AMEX,9988776655443
396,rajesh,998877104,SNAP,approved,300.0,AMEX,9988776655443
397,rajesh,998877104,SNAP,approved,300.0,AMEX,9988776655443
398,rajesh,998877104,SNAP,approved,300.0,AMEX,9988776655443
399,rajesh,998877104,SNAP,approved,300.0,AMEX,9988776655443
400,rajesh,998877104,SNAP,approved,300.0,AMEX,9988776655443
401,rajesh,998877104,SNAP,approved,300.0,AMEX,9988776655443
402,rajesh,998877104,SNAP,approved,300.0,AMEX,9988776655443
403,rajesh,998877104,SNAP,approved,300.0,AMEX,9988776655443
404,rajesh,998877104,SNAP,approved,300.0,AMEX,9988776655443
405,rajesh,998877104,SNAP,approved,300.0,AMEX,9988776655443
406,rajesh,998877104,SNAP,approved,300.0,AMEX,9988776655443
407,rajesh,998877104,SNAP,approved,300.0,AMEX,9988776655443
408,rajesh,998877104,SNAP,approved,300.0,AMEX,9988776655443
409,rajesh,998877104,SNAP,approved,300.0,AMEX,9988776655443
410,rajesh,998877104,SNAP,approved,300.0,AMEX,9988776655443
411,rajesh,998877104,SNAP,approved,300.0,AMEX,9988776655443
412,rajesh,998877104,SNAP,approved,300.0,AMEX,9988776655443
413,rajesh,998877104,SNAP,approved,300.0,AMEX,9988776655443
414,rajesh,998877104,SNAP,approved,300.0,AMEX,9988776655443
415,rajesh,998877104,SNAP,approved,300.0,AMEX,9988776655443
416,rajesh,998877104,SNAP,approved,300.0,AMEX,9988776655443
417,rajesh,998877104,SNAP,approved,300.0,AMEX,9988776655443
418,rajesh,998877104,SNAP,approved,300.0,AMEX,9988776655443
419,rajesh,998877104,SNAP,approved,300.0,AMEX,9988776655443
420,rajesh,998877104,SNAP,approved,300.0,AMEX,9988776655443
421,rajesh,998877104,SNAP,approved,300.0,AMEX,9988776655443
422,rajesh,998877104,SNAP,approved,300.0,AMEX,9988776655443
423,rajesh,998877104,SNAP,approved,300.0,AMEX,9988776655443
424,rajesh,998877104,SNAP,approved,300.0,AMEX,9988776655443
425,rajesh,998877104,SNAP,approved,300.0,AMEX,9988776655443
426,rajesh,998877104,SNAP,approved,300.0,AMEX,9988776655443
427,rajesh,998877104,SNAP,approved,300.0,AMEX,9988776655443
428,rajesh,998877104,SNAP,approved,300.0,AMEX,9988776655443
429,rajesh,998877104,SNAP,approved,300.0,AMEX,9988776655443
430,rajesh,998877104,SNAP,approved,300.0,AMEX,9988776655443
431,rajesh,998877104,SNAP,approved,300.0,AMEX,9988776655443
432,rajesh,998877104,SNAP,approved,300.0,AMEX,9988776655443
433,rajesh,998877104,SNAP,approved,300.0,AMEX,9988776655443
434,rajesh,998877104,SNAP,approved,300.0,AMEX,9988776655443
435,rajesh,998877104,SNAP,approved,300.0,AMEX,9988776655443
436,rajesh,998877104,SNAP,approved,300.0,AMEX,9988776655443
437,rajesh,998877104,SNAP,approved,300.0,AMEX,9988776655443
438,rajesh,998877104,SNAP,approved,300.0,AMEX,9988776655443
439,rajesh,998877104,SNAP,approved,300.0,AMEX,9988776655443
440,rajesh,998877104,SNAP,approved,300.0,AMEX,9988776655443
441,rajesh,998877104,SNAP,approved,300.0,AMEX,9988776655443
442,rajesh,998877104,SNAP,approved,300.0,AMEX,9988776655443
443,rajesh,998877104,SNAP,approved,300.0,AMEX,9988776655443
444,rajesh,998877104,SNAP,approved,300.0,AMEX,9988776655443
445,rajesh,998877104,SNAP,approved,300.0,AMEX,9988776655443
446,rajesh,998877104,SNAP,approved,300.0,AMEX,9988776655443
447,rajesh,998877104,SNAP,approved,300.0,AMEX,9988776655443
448,rajesh,998877104,SNAP,approved,300.0,AMEX,9988776655443
449,rajesh,998877104,SNAP,approved,300.0,AMEX,9988776655443
450,rajesh,998877104,SNAP,approved,300.0,AMEX,9988776655443
451,rajesh,998877104,SNAP,approved,300.0,AMEX,9988776655443
452,rajesh,998877104,SNAP,approved,300.0,AMEX,9988776655443
453,rajesh,998877104,SNAP,approved,300.0,AMEX,9988776655443
454,rajesh,998877104,SNAP,approved,300.0,AMEX,9988776655443
455,rajesh,998877104,SNAP,approved,300.0,AMEX,9988776655443
456,rajesh,998877104,SNAP,approved,300.0,AMEX,9988776655443
457,rajesh,998877104,SNAP,approved,300.0,AMEX,9988776655443
458,rajesh,998877104,SNAP,approved,300.0,AMEX,9988776655443
459,rajesh,998877104,SNAP,approved,300.0,AMEX,9988776655443
460,rajesh,998877104,SNAP,approved,300.0,AMEX,9988776655443
461,rajesh,998877104,SNAP,approved,300.0,AMEX,9988776655443
462,rajesh,998877104,SNAP,approved,300.0,AMEX,9988776655443
463,rajesh,998877104,SNAP,approved,300.0,AMEX,9988776655443
464,rajesh,998877104,SNAP,approved,300.0,AMEX,9988776655443
465,rajesh,998877104,SNAP,approved,300.0,AMEX,9988776655443
466,rajesh,998877104,SNAP,approved,300.0,AMEX,9988776655443
467,rajesh,998877104,SNAP,approved,300.0,AMEX,9988776655443
468,rajesh,998877104,SNAP,approved,300.0,AMEX,9988776655443
469,rajesh,998877104,SNAP,approved,300.0,AMEX,9988776655443
470,rajesh,998877104,SNAP,approved,300.0,AMEX,9988776655443
471,rajesh,998877104,SNAP,approved,300.0,AMEX,9988776655443
472,rajesh,998877104,SNAP,approved,300.0,AMEX,9988776655443
473,rajesh,998877104,SNAP,approved,300.0,AMEX,9988776655443
474,rajesh,998877104,SNAP,approved,300.0,AMEX,9988776655443
475,rajesh,998877104,SNAP,approved,300.0,AMEX,9988776655443
476,rajesh,998877104,SNAP,approved,300.0,AMEX,9988776655443
477,rajesh,998877104,SNAP,approved,300.0,AMEX,9988776655443
478,rajesh,998877104,SNAP,approved,300.0,AMEX,9988776655443
479,rajesh,998877104,SNAP,approved,300.0,AMEX,9988776655443
480,rajesh,998877104,SNAP,approved,300.0,AMEX,9988776655443
481,rajesh,998877104,SNAP,approved,300.0,AMEX,9988776655443
482,rajesh,998877104,SNAP,approved,300.0,AMEX,9988776655443
483,rajesh,998877104,SNAP,approved,300.0,AMEX,9988776655443
484,rajesh,998877104,SNAP,approved,300.0,AMEX,9988776655443
485,rajesh,998877104,SNAP,approved,300.0,AMEX,9988776655443
486,rajesh,998877104,SNAP,approved,300.0,AMEX,9988776655443
487,rajesh,998877104,SNAP,approved,300.0,AMEX,9988776655443
488,rajesh,998877104,SNAP,approved,300.0,AMEX,9988776655443
489,rajesh,998877104,SNAP,approved,300.0,AMEX,9988776655443
490,rajesh,998877104,SNAP,approved,300.0,AMEX,9988776655443
491,rajesh,998877104,SNAP,approved,300.0,AMEX,9988776655443
492,rajesh,998877104,SNAP,approved,300.0,AMEX,9988776655443
493,rajesh,998877104,SNAP,approved,300.0,AMEX,9988776655443
494,rajesh,998877104,SNAP,approved,300.0,AMEX,9988776655443
495,rajesh,998877104,SNAP,approved,300.0,AMEX,9988776655443
496,rajesh,998877104,SNAP,approved,300.0,AMEX,9988776655443
497,rajesh,998877104,SNAP,approved,300.0,AMEX,9988776655443
498,rajesh,998877104,SNAP,approved,300.0,AMEX,9988776655443
499,rajesh,998877104,SNAP,approved,300.0,AMEX,9988776655443
500,rajesh,998877104,SNAP,approved,300.0,AMEX,9988776655443
501,rajesh,998877104,SNAP,approved,300.0,AMEX,9988776655443
502,rajesh,998877104,SNAP,approved,300.0,AMEX,9988776655443
503,rajesh,998877104,SNAP,approved,300.0,AMEX,9988776655443
504,rajesh,998877104,SNAP,approved,300.0,AMEX,9988776655443
505,rajesh,998877104,SNAP,approved,300.0,AMEX,9988776655443
506,rajesh,998877104,SNAP,approved,300.0,AMEX,9988776655443
507,rajesh,998877104,SNAP,approved,300.0,AMEX,9988776655443
508,rajesh,998877104,SNAP,approved,300.0,AMEX,9988776655443
509,rajesh,998877104,SNAP,approved,300.0,AMEX,9988776655443
510,rajesh,998877104,SNAP,approved,300.0,AMEX,9988776655443
511,rajesh,998877104,SNAP,approved,300.0,AMEX,9988776655443
512,rajesh,998877104,SNAP,approved,300.0,AMEX,9988776655443
513,rajesh,998877104,SNAP,approved,300.0,AMEX,9988776655443
514,rajesh,998877104,SNAP,approved,300.0,AMEX,9988776655443
515,rajesh,998877104,SNAP,approved,300.0,AMEX,9988776655443
516,rajesh,998877104,SNAP,approved,300.0,AMEX,9988776655443
517,rajesh,998877104,SNAP,approved,300.0,AMEX,9988776655443
518,rajesh,998877104,SNAP,approved,300.0,AMEX,9988776655443
519,rajesh,998877104,SNAP,approved,300.0,AMEX,9988776655443
520,rajesh,998877104,SNAP,approved,300.0,AMEX,9988776655443
521,rajesh,998877104,SNAP,approved,300.0,AMEX,9988776655443
522,rajesh,998877104,SNAP,approved,300.0,AMEX,9988776655443
523,rajesh,998877104,SNAP,approved,300.0,AMEX,9988776655443
524,rajesh,998877104,SNAP,approved,300.0,AMEX,9988776655443
525,rajesh,998877104,SNAP,approved,300.0,AMEX,9988776655443
526,rajesh,998877104,SNAP,approved,300.0,AMEX,9988776655443
527,rajesh,998877104,SNAP,approved,300.0,AMEX,9988776655443
528,rajesh,998877104,SNAP,approved,300.0,AMEX,9988776655443
529,rajesh,998877104,SNAP,approved,300.0,AMEX,9988776655443
530,rajesh,998877104,SNAP,approved,300.0,AMEX,9988776655443
531,rajesh,998877104,SNAP,approved,300.0,AMEX,9988776655443
532,rajesh,998877104,SNAP,approved,300.0,AMEX,9988776655443
533,rajesh,998877104,SNAP,approved,300.0,AMEX,9988776655443
534,rajesh,998877104,SNAP,approved,300.0,AMEX,9988776655443
535,rajesh,998877104,SNAP,approved,300.0,AMEX,9988776655443
536,rajesh,998877104,SNAP,approved,300.0,AMEX,9988776655443
537,rajesh,998877104,SNAP,approved,300.0,AMEX,9988776655443
538,rajesh,998877104,SNAP,approved,300.0,AMEX,9988776655443
539,rajesh,998877104,SNAP,approved,300.0,AMEX,9988776655443
540,rajesh,998877104,SNAP,approved,300.0,AMEX,9988776655443
541,rajesh,998877104,SNAP,approved,300.0,AMEX,9988776655443
542,rajesh,998877104,SNAP,approved,300.0,AMEX,9988776655443
543,rajesh,998877104,SNAP,approved,300.0,AMEX,9988776655443
544,rajesh,998877104,SNAP,approved,300.0,AMEX,9988776655443
545,rajesh,998877104,SNAP,approved,300.0,AMEX,9988776655443
546,rajesh,998877104,SNAP,approved,300.0,AMEX,9988776655443
547,rajesh,998877104,SNAP,approved,300.0,AMEX,9988776655443
548,rajesh,998877104,SNAP,approved,300.0,AMEX,9988776655443
549,rajesh,998877104,SNAP,approved,300.0,AMEX,9988776655443
550,rajesh,998877104,SNAP,approved,300.0,AMEX,9988776655443
551,rajesh,998877104,SNAP,approved,300.0,AMEX,9988776655443
552,rajesh,998877104,SNAP,approved,300.0,AMEX,9988776655443
553,rajesh,998877104,SNAP,approved,300.0,AMEX,9988776655443
554,rajesh,998877104,SNAP,approved,300.0,AMEX,9988776655443
555,rajesh,998877104,SNAP,approved,300.0,AMEX,9988776655443
556,rajesh,998877104,SNAP,approved,300.0,AMEX,9988776655443
557,rajesh,998877104,SNAP,approved,300.0,AMEX,9988776655443
558,rajesh,998877104,SNAP,approved,300.0,AMEX,9988776655443
559,rajesh,998877104,SNAP,approved,300.0,AMEX,9988776655443
560,rajesh,998877104,SNAP,approved,300.0,AMEX,9988776655443
561,rajesh,998877104,SNAP,approved,300.0,AMEX,9988776655443
562,rajesh,998877104,SNAP,approved,300.0,AMEX,9988776655443
563,rajesh,998877104,SNAP,approved,300.0,AMEX,9988776655443
564,rajesh,998877104,SNAP,approved,300.0,AMEX,9988776655443
565,rajesh,998877104,SNAP,approved,300.0,AMEX,9988776655443
566,rajesh,998877104,SNAP,approved,300.0,AMEX,9988776655443
567,rajesh,998877104,SNAP,approved,300.0,AMEX,9988776655443
568,rajesh,998877104,SNAP,approved,300.0,AMEX,9988776655443
569,rajesh,998877104,SNAP,approved,300.0,AMEX,9988776655443
570,rajesh,998877104,SNAP,approved,300.0,AMEX,9988776655443
571,rajesh,998877104,SNAP,approved,300.0,AMEX,9988776655443
572,rajesh,998877104,SNAP,approved,300.0,AMEX,9988776655443
573,rajesh,998877104,SNAP,approved,300.0,AMEX,9988776655443
574,rajesh,998877104,SNAP,approved,300.0,AMEX,9988776655443
575,rajesh,998877104,SNAP,approved,300.0,AMEX,9988776655443
576,rajesh,998877104,SNAP,approved,300.0,AMEX,9988776655443
577,rajesh,998877104,SNAP,approved,300.0,AMEX,9988776655443
578,rajesh,998877104,SNAP,approved,300.0,AMEX,9988776655443
579,rajesh,998877104,SNAP,approved,300.0,AMEX,9988776655443
580,rajesh,998877104,SNAP,approved,300.0,AMEX,9988776655443
581,rajesh,998877104,SNAP,approved,300.0,AMEX,9988776655443
582,rajesh,998877104,SNAP,approved,300.0,AMEX,9988776655443
583,rajesh,998877104,SNAP,approved,300.0,AMEX,9988776655443
584,rajesh,998877104,SNAP,approved,300.0,AMEX,9988776655443
585,rajesh,998877104,SNAP,approved,300.0,AMEX,9988776655443
586,rajesh,998877104,SNAP,approved,300.0,AMEX,9988776655443
587,rajesh,998877104,SNAP,approved,300.0,AMEX,9988776655443
588,rajesh,998877104,SNAP,approved,300.0,AMEX,9988776655443
589,rajesh,998877104,SNAP,approved,300.0,AMEX,9988776655443
590,rajesh,998877104,SNAP,approved,300.0,AMEX,9988776655443
591,rajesh,998877104,SNAP,approved,300.0,AMEX,9988776655443
592,rajesh,998877104,SNAP,approved,300.0,AMEX,9988776655443
593,rajesh,998877104,SNAP,approved,300.0,AMEX,9988776655443
594,rajesh,998877104,SNAP,approved,300.0,AMEX,9988776655443
595,rajesh,998877104,SNAP,approved,300.0,AMEX,9988776655443
596,rajesh,998877104,SNAP,approved,300.0,AMEX,9988776655443
597,rajesh,998877104,SNAP,approved,300.0,AMEX,9988776655443
598,rajesh,998877104,SNAP,approved,300.0,AMEX,9988776655443
599,rajesh,998877104,SNAP,approved,300.0,AMEX,9988776655443
600,rajesh,998877104,SNAP,approved,300.0,AMEX,9988776655443
601,rajesh,998877104,SNAP,approved,300.0,AMEX,9988776655443
602,rajesh,998877104,SNAP,approved,300.0,AMEX,9988776655443
603,rajesh,998877104,SNAP,approved,300.0,AMEX,9988776655443
604,rajesh,998877104,SNAP,approved,300.0,AMEX,9988776655443
605,rajesh,998877104,SNAP,approved,300.0,AMEX,9988776655443
606,rajesh,998877104,SNAP,approved,300.0,AMEX,9988776655443
607,rajesh,998877104,SNAP,approved,300.0,AMEX,9988776655443
608,rajesh,998877104,SNAP,approved,300.0,AMEX,9988776655443
609,rajesh,998877104,SNAP,approved,300.0,AMEX,9988776655443
610,rajesh,998877104,SNAP,approved,300.0,AMEX,9988776655443
611,rajesh,998877104,SNAP,approved,300.0,AMEX,9988776655443
612,rajesh,998877104,SNAP,approved,300.0,AMEX,9988776655443
613,rajesh,998877104,SNAP,approved,300.0,AMEX,9988776655443
614,rajesh,998877104,SNAP,approved,300.0,AMEX,9988776655443
615,rajesh,998877104,SNAP,approved,300.0,AMEX,9988776655443
616,rajesh,998877104,SNAP,approved,300.0,AMEX,9988776655443
617,rajesh,998877104,SNAP,approved,300.0,AMEX,9988776655443
618,rajesh,998877104,SNAP,approved,300.0,AMEX,9988776655443
619,rajesh,998877104,SNAP,approved,300.0,AMEX,9988776655443
620,rajesh,998877104,SNAP,approved,300.0,AMEX,9988776655443
621,rajesh,998877104,SNAP,approved,300.0,AMEX,9988776655443
622,rajesh,998877104,SNAP,approved,300.0,AMEX,9988776655443
623,rajesh,998877104,SNAP,approved,300.0,AMEX,9988776655443
624,rajesh,998877104,SNAP,approved,300.0,AMEX,9988776655443
625,rajesh,998877104,SNAP,approved,300.0,AMEX,9988776655443
626,rajesh,998877104,SNAP,approved,300.0,AMEX,9988776655443
627,rajesh,998877104,SNAP,approved,300.0,AMEX,9988776655443
628,rajesh,998877104,SNAP,approved,300.0,AMEX,9988776655443
629,rajesh,998877104,SNAP,approved,300.0,AMEX,9988776655443
630,rajesh,998877104,SNAP,approved,300.0,AMEX,9988776655443
631,rajesh,998877104,SNAP,approved,300.0,AMEX,9988776655443
632,rajesh,998877104,SNAP,approved,300.0,AMEX,9988776655443
633,rajesh,998877104,SNAP,approved,300.0,AMEX,9988776655443
634,rajesh,998877104,SNAP,approved,300.0,AMEX,9988776655443
635,rajesh,998877104,SNAP,approved,300.0,AMEX,9988776655443
636,rajesh,998877104,SNAP,approved,300.0,AMEX,9988776655443
637,rajesh,998877104,SNAP,approved,300.0,AMEX,9988776655443
638,rajesh,998877104,SNAP,approved,300.0,AMEX,9988776655443
639,rajesh,998877104,SNAP,approved,300.0,AMEX,9988776655443
640,rajesh,998877104,SNAP,approved,300.0,AMEX,9988776655443
641,rajesh,998877104,SNAP,approved,300.0,AMEX,9988776655443
642,rajesh,998877104,SNAP,approved,300.0,AMEX,9988776655443
643,rajesh,998877104,SNAP,approved,300.0,AMEX,9988776655443
644,rajesh,998877104,SNAP,approved,300.0,AMEX,9988776655443
645,rajesh,998877104,SNAP,approved,300.0,AMEX,9988776655443
646,rajesh,998877104,SNAP,approved,300.0,AMEX,9988776655443
647,rajesh,998877104,SNAP,approved,300.0,AMEX,9988776655443
648,rajesh,998877104,SNAP,approved,300.0,AMEX,9988776655443
649,rajesh,998877104,SNAP,approved,300.0,AMEX,9988776655443
650,rajesh,998877104,SNAP,approved,300.0,AMEX,9988776655443
651,rajesh,998877104,SNAP,approved,300.0,AMEX,9988776655443
652,rajesh,998877104,SNAP,approved,300.0,AMEX,9988776655443
653,rajesh,998877104,SNAP,approved,300.0,AMEX,9988776655443
654,rajesh,998877104,SNAP,approved,300.0,AMEX,9988776655443
655,rajesh,998877104,SNAP,approved,300.0,AMEX,9988776655443
656,rajesh,998877104,SNAP,approved,300.0,AMEX,9988776655443
657,rajesh,998877104,SNAP,approved,300.0,AMEX,9988776655443
658,rajesh,998877104,SNAP,approved,300.0,AMEX,9988776655443
659,rajesh,998877104,SNAP,approved,300.0,AMEX,9988776655443
660,rajesh,998877104,SNAP,approved,300.0,AMEX,9988776655443
661,rajesh,998877104,SNAP,approved,300.0,AMEX,9988776655443
662,rajesh,998877104,SNAP,approved,300.0,AMEX,9988776655443
663,rajesh,998877104,SNAP,approved,300.0,AMEX,9988776655443
664,rajesh,998877104,SNAP,approved,300.0,AMEX,9988776655443
665,rajesh,998877104,SNAP,approved,300.0,AMEX,9988776655443
666,rajesh,998877104,SNAP,approved,300.0,AMEX,9988776655443
667,rajesh,998877104,SNAP,approved,300.0,AMEX,9988776655443
668,rajesh,998877104,SNAP,approved,300.0,AMEX,9988776655443
669,rajesh,998877104,SNAP,approved,300.0,AMEX,9988776655443
670,rajesh,998877104,SNAP,approved,300.0,AMEX,9988776655443
671,rajesh,998877104,SNAP,approved,300.0,AMEX,9988776655443
672,rajesh,998877104,SNAP,approved,300.0,AMEX,9988776655443
673,rajesh,998877104,SNAP,approved,300.0,AMEX,9988776655443
674,rajesh,998877104,SNAP,approved,300.0,AMEX,9988776655443
675,rajesh,998877104,SNAP,approved,300.0,AMEX,9988776655443
676,rajesh,998877104,SNAP,approved,300.0,AMEX,9988776655443
677,rajesh,998877104,SNAP,approved,300.0,AMEX,9988776655443
678,rajesh,998877104,SNAP,approved,300.0,AMEX,9988776655443
679,rajesh,998877104,SNAP,approved,300.0,AMEX,9988776655443
680,rajesh,998877104,SNAP,approved,300.0,AMEX,9988776655443
681,rajesh,998877104,SNAP,approved,300.0,AMEX,9988776655443
682,rajesh,998877104,SNAP,approved,300.0,AMEX,9988776655443
683,rajesh,998877104,SNAP,approved,300.0,AMEX,9988776655443
684,rajesh,998877104,SNAP,approved,300.0,AMEX,9988776655443
685,rajesh,998877104,SNAP,approved,300.0,AMEX,9988776655443
686,rajesh,998877104,SNAP,approved,300.0,AMEX,9988776655443
687,rajesh,998877104,SNAP,approved,300.0,AMEX,9988776655443
688,rajesh,998877104,SNAP,approved,300.0,AMEX,9988776655443
689,rajesh,998877104,SNAP,approved,300.0,AMEX,9988776655443
690,rajesh,998877104,SNAP,approved,300.0,AMEX,9988776655443
691,rajesh,998877104,SNAP,approved,300.0,AMEX,9988776655443
692,rajesh,998877104,SNAP,approved,300.0,AMEX,9988776655443
693,rajesh,998877104,SNAP,approved,300.0,AMEX,9988776655443
694,rajesh,998877104,SNAP,approved,300.0,AMEX,9988776655443
695,rajesh,998877104,SNAP,approved,300.0,AMEX,9988776655443
696,rajesh,998877104,SNAP,approved,300.0,AMEX,9988776655443
697,rajesh,998877104,SNAP,approved,300.0,AMEX,9988776655443
698,rajesh,998877104,SNAP,approved,300.0,AMEX,9988776655443
699,rajesh,998877104,SNAP,approved,300.0,AMEX,9988776655443
700,rajesh,998877104,SNAP,approved,300.0,AMEX,9988776655443
701,rajesh,998877104,SNAP,approved,300.0,AMEX,9988776655443
702,rajesh,998877104,SNAP,approved,300.0,AMEX,9988776655443
703,rajesh,998877104,SNAP,approved,300.0,AMEX,9988776655443
704,rajesh,998877104,SNAP,approved,300.0,AMEX,9988776655443
705,rajesh,998877104,SNAP,approved,300.0,AMEX,9988776655443
706,rajesh,998877104,SNAP,approved,300.0,AMEX,9988776655443
707,rajesh,998877104,SNAP,approved,300.0,AMEX,9988776655443
708,rajesh,998877104,SNAP,approved,300.0,AMEX,9988776655443
709,rajesh,998877104,SNAP,approved,300.0,AMEX,9988776655443
710,rajesh,998877104,SNAP,approved,300.0,AMEX,9988776655443
711,rajesh,998877104,SNAP,approved,300.0,AMEX,9988776655443
712,rajesh,998877104,SNAP,approved,300.0,AMEX,9988776655443
713,rajesh,998877104,SNAP,approved,300.0,AMEX,9988776655443
714,rajesh,998877104,SNAP,approved,300.0,AMEX,9988776655443
715,rajesh,998877104,SNAP,approved,300.0,AMEX,9988776655443
716,rajesh,998877104,SNAP,approved,300.0,AMEX,9988776655443
717,rajesh,998877104,SNAP,approved,300.0,AMEX,9988776655443
718,rajesh,998877104,SNAP,approved,300.0,AMEX,9988776655443
719,rajesh,998877104,SNAP,approved,300.0,AMEX,9988776655443
720,rajesh,998877104,SNAP,approved,300.0,AMEX,9988776655443
721,rajesh,998877104,SNAP,approved,300.0,AMEX,9988776655443
722,rajesh,998877104,SNAP,approved,300.0,AMEX,9988776655443
723,rajesh,998877104,SNAP,approved,300.0,AMEX,9988776655443
724,rajesh,998877104,SNAP,approved,300.0,AMEX,9988776655443
725,rajesh,998877104,SNAP,approved,300.0,AMEX,9988776655443
726,rajesh,998877104,SNAP,approved,300.0,AMEX,9988776655443
727,rajesh,998877104,SNAP,approved,300.0,AMEX,9988776655443
728,rajesh,998877104,SNAP,approved,300.0,AMEX,9988776655443
729,rajesh,998877104,SNAP,approved,300.0,AMEX,9988776655443
730,rajesh,998877104,SNAP,approved,300.0,AMEX,9988776655443
731,rajesh,998877104,SNAP,approved,300.0,AMEX,9988776655443
732,rajesh,998877104,SNAP,approved,300.0,AMEX,9988776655443
733,rajesh,998877104,SNAP,approved,300.0,AMEX,9988776655443
734,rajesh,998877104,SNAP,approved,300.0,AMEX,9988776655443
735,rajesh,998877104,SNAP,approved,300.0,AMEX,9988776655443
736,rajesh,998877104,SNAP,approved,300.0,AMEX,9988776655443
737,rajesh,998877104,SNAP,approved,300.0,AMEX,9988776655443
738,rajesh,998877104,SNAP,approved,300.0,AMEX,9988776655443
739,rajesh,998877104,SNAP,approved,300.0,AMEX,9988776655443
740,rajesh,998877104,SNAP,approved,300.0,AMEX,9988776655443
741,rajesh,998877104,SNAP,approved,300.0,AMEX,9988776655443
742,rajesh,998877104,SNAP,approved,300.0,AMEX,9988776655443
743,rajesh,998877104,SNAP,approved,300.0,AMEX,9988776655443
744,rajesh,998877104,SNAP,approved,300.0,AMEX,9988776655443
745,rajesh,998877104,SNAP,approved,300.0,AMEX,9988776655443
746,rajesh,998877104,SNAP,approved,300.0,AMEX,9988776655443
747,rajesh,998877104,SNAP,approved,300.0,AMEX,9988776655443
748,rajesh,998877104,SNAP,approved,300.0,AMEX,9988776655443
749,rajesh,998877104,SNAP,approved,300.0,AMEX,9988776655443
750,rajesh,998877104,SNAP,approved,300.0,AMEX,9988776655443
751,rajesh,998877104,SNAP,approved,300.0,AMEX,9988776655443
752,rajesh,998877104,SNAP,approved,300.0,AMEX,9988776655443
753,rajesh,998877104,SNAP,approved,300.0,AMEX,9988776655443
754,rajesh,998877104,SNAP,approved,300.0,AMEX,9988776655443
755,rajesh,998877104,SNAP,approved,300.0,AMEX,9988776655443
756,rajesh,998877104,SNAP,approved,300.0,AMEX,9988776655443
757,rajesh,998877104,SNAP,approved,300.0,AMEX,9988776655443
758,rajesh,998877104,SNAP,approved,300.0,AMEX,9988776655443
759,rajesh,998877104,SNAP,approved,300.0,AMEX,9988776655443
760,rajesh,998877104,SNAP,approved,300.0,AMEX,9988776655443
761,rajesh,998877104,SNAP,approved,300.0,AMEX,9988776655443
762,rajesh,998877104,SNAP,approved,300.0,AMEX,9988776655443
763,rajesh,998877104,SNAP,approved,300.0,AMEX,9988776655443
764,rajesh,998877104,SNAP,approved,300.0,AMEX,9988776655443
765,rajesh,998877104,SNAP,approved,300.0,AMEX,9988776655443
766,rajesh,998877104,SNAP,approved,300.0,AMEX,9988776655443
767,rajesh,998877104,SNAP,approved,300.0,AMEX,9988776655443
768,rajesh,998877104,SNAP,approved,300.0,AMEX,9988776655443
769,rajesh,998877104,SNAP,approved,300.0,AMEX,9988776655443
770,rajesh,998877104,SNAP,approved,300.0,AMEX,9988776655443
771,rajesh,998877104,SNAP,approved,300.0,AMEX,9988776655443
772,rajesh,998877104,SNAP,approved,300.0,AMEX,9988776655443
773,rajesh,998877104,SNAP,approved,300.0,AMEX,9988776655443
774,rajesh,998877104,SNAP,approved,300.0,AMEX,9988776655443
775,rajesh,998877104,SNAP,approved,300.0,AMEX,9988776655443
776,rajesh,998877104,SNAP,approved,300.0,AMEX,9988776655443
777,rajesh,998877104,SNAP,approved,300.0,AMEX,9988776655443
778,rajesh,998877104,SNAP,approved,300.0,AMEX,9988776655443
779,rajesh,998877104,SNAP,approved,300.0,AMEX,9988776655443
780,rajesh,998877104,SNAP,approved,300.0,AMEX,9988776655443
781,rajesh,998877104,SNAP,approved,300.0,AMEX,9988776655443
782,rajesh,998877104,SNAP,approved,300.0,AMEX,9988776655443
783,rajesh,998877104,SNAP,approved,300.0,AMEX,9988776655443
784,rajesh,998877104,SNAP,approved,300.0,AMEX,9988776655443
785,rajesh,998877104,SNAP,approved,300.0,AMEX,9988776655443
786,rajesh,998877104,SNAP,approved,300.0,AMEX,9988776655443
787,rajesh,998877104,SNAP,approved,300.0,AMEX,9988776655443
788,rajesh,998877104,SNAP,approved,300.0,AMEX,9988776655443
789,rajesh,998877104,SNAP,approved,300.0,AMEX,9988776655443
790,rajesh,998877104,SNAP,approved,300.0,AMEX,9988776655443
791,rajesh,998877104,SNAP,approved,300.0,AMEX,9988776655443
792,rajesh,998877104,SNAP,approved,300.0,AMEX,9988776655443
793,rajesh,998877104,SNAP,approved,300.0,AMEX,9988776655443
794,rajesh,998877104,SNAP,approved,300.0,AMEX,9988776655443
795,rajesh,998877104,SNAP,approved,300.0,AMEX,9988776655443
796,rajesh,998877104,SNAP,approved,300.0,AMEX,9988776655443
797,rajesh,998877104,SNAP,approved,300.0,AMEX,9988776655443
798,rajesh,998877104,SNAP,approved,300.0,AMEX,9988776655443
799,rajesh,998877104,SNAP,approved,300.0,AMEX,9988776655443
800,rajesh,998877104,SNAP,approved,300.0,AMEX,9988776655443
801,rajesh,998877104,SNAP,approved,300.0,AMEX,9988776655443
802,rajesh,998877104,SNAP,approved,300.0,AMEX,9988776655443
803,rajesh,998877104,SNAP,approved,300.0,AMEX,9988776655443
804,rajesh,998877104,SNAP,approved,300.0,AMEX,9988776655443
805,rajesh,998877104,SNAP,approved,300.0,AMEX,9988776655443
806,rajesh,998877104,SNAP,approved,300.0,AMEX,9988776655443
807,rajesh,998877104,SNAP,approved,300.0,AMEX,9988776655443
808,rajesh,998877104,SNAP,approved,300.0,AMEX,9988776655443
809,rajesh,998877104,SNAP,approved,300.0,AMEX,9988776655443
810,rajesh,998877104,SNAP,approved,300.0,AMEX,9988776655443
811,rajesh,998877104,SNAP,approved,300.0,AMEX,9988776655443
812,rajesh,998877104,SNAP,approved,300.0,AMEX,9988776655443
813,rajesh,998877104,SNAP,approved,300.0,AMEX,9988776655443
814,rajesh,998877104,SNAP,approved,300.0,AMEX,9988776655443
815,rajesh,998877104,SNAP,approved,300.0,AMEX,9988776655443
816,rajesh,998877104,SNAP,approved,300.0,AMEX,9988776655443
817,rajesh,998877104,SNAP,approved,300.0,AMEX,9988776655443
818,rajesh,998877104,SNAP,approved,300.0,AMEX,9988776655443
819,rajesh,998877104,SNAP,approved,300.0,AMEX,9988776655443
820,rajesh,998877104,SNAP,approved,300.0,AMEX,9988776655443
821,rajesh,998877104,SNAP,approved,300.0,AMEX,9988776655443
822,rajesh,998877104,SNAP,approved,300.0,AMEX,9988776655443
823,rajesh,998877104,SNAP,approved,300.0,AMEX,9988776655443
824,rajesh,998877104,SNAP,approved,300.0,AMEX,9988776655443
825,rajesh,998877104,SNAP,approved,300.0,AMEX,9988776655443
826,rajesh,998877104,SNAP,approved,300.0,AMEX,9988776655443
827,rajesh,998877104,SNAP,approved,300.0,AMEX,9988776655443
828,rajesh,998877104,SNAP,approved,300.0,AMEX,9988776655443
829,rajesh,998877104,SNAP,approved,300.0,AMEX,9988776655443
830,rajesh,998877104,SNAP,approved,300.0,AMEX,9988776655443
831,rajesh,998877104,SNAP,approved,300.0,AMEX,9988776655443
832,rajesh,998877104,SNAP,approved,300.0,AMEX,9988776655443
833,rajesh,998877104,SNAP,approved,300.0,AMEX,9988776655443
834,rajesh,998877104,SNAP,approved,300.0,AMEX,9988776655443
835,rajesh,998877104,SNAP,approved,300.0,AMEX,9988776655443
836,rajesh,998877104,SNAP,approved,300.0,AMEX,9988776655443
837,rajesh,998877104,SNAP,approved,300.0,AMEX,9988776655443
838,rajesh,998877104,SNAP,approved,300.0,AMEX,9988776655443
839,rajesh,998877104,SNAP,approved,300.0,AMEX,9988776655443
840,rajesh,998877104,SNAP,approved,300.0,AMEX,9988776655443
841,rajesh,998877104,SNAP,approved,300.0,AMEX,9988776655443
842,rajesh,998877104,SNAP,approved,300.0,AMEX,9988776655443
843,rajesh,998877104,SNAP,approved,300.0,AMEX,9988776655443
844,rajesh,998877104,SNAP,approved,300.0,AMEX,9988776655443
845,rajesh,998877104,SNAP,approved,300.0,AMEX,9988776655443
846,rajesh,998877104,SNAP,approved,300.0,AMEX,9988776655443
847,rajesh,998877104,SNAP,approved,300.0,AMEX,9988776655443
848,rajesh,998877104,SNAP,approved,300.0,AMEX,9988776655443
849,rajesh,998877104,SNAP,approved,300.0,AMEX,9988776655443
850,rajesh,998877104,SNAP,approved,300.0,AMEX,9988776655443
851,rajesh,998877104,SNAP,approved,300.0,AMEX,9988776655443
852,rajesh,998877104,SNAP,approved,300.0,AMEX,9988776655443
853,rajesh,998877104,SNAP,approved,300.0,AMEX,9988776655443
854,rajesh,998877104,SNAP,approved,300.0,AMEX,9988776655443
855,rajesh,998877104,SNAP,approved,300.0,AMEX,9988776655443
856,rajesh,998877104,SNAP,approved,300.0,AMEX,9988776655443
857,rajesh,998877104,SNAP,approved,300.0,AMEX,9988776655443
858,rajesh,998877104,SNAP,approved,300.0,AMEX,9988776655443
859,rajesh,998877104,SNAP,approved,300.0,AMEX,9988776655443
860,rajesh,998877104,SNAP,approved,300.0,AMEX,9988776655443
861,rajesh,998877104,SNAP,approved,300.0,AMEX,9988776655443
862,rajesh,998877104,SNAP,approved,300.0,AMEX,9988776655443
863,rajesh,998877104,SNAP,approved,300.0,AMEX,9988776655443
864,rajesh,998877104,SNAP,approved,300.0,AMEX,9988776655443
865,rajesh,998877104,SNAP,approved,300.0,AMEX,9988776655443
866,rajesh,998877104,SNAP,approved,300.0,AMEX,9988776655443
867,rajesh,998877104,SNAP,approved,300.0,AMEX,9988776655443
868,rajesh,998877104,SNAP,approved,300.0,AMEX,9988776655443
869,rajesh,998877104,SNAP,approved,300.0,AMEX,9988776655443
870,rajesh,998877104,SNAP,approved,300.0,AMEX,9988776655443
871,rajesh,998877104,SNAP,approved,300.0,AMEX,9988776655443
872,rajesh,998877104,SNAP,approved,300.0,AMEX,9988776655443
873,rajesh,998877104,SNAP,approved,300.0,AMEX,9988776655443
874,rajesh,998877104,SNAP,approved,300.0,AMEX,9988776655443
875,rajesh,998877104,SNAP,approved,300.0,AMEX,9988776655443
876,rajesh,998877104,SNAP,approved,300.0,AMEX,9988776655443
877,rajesh,998877104,SNAP,approved,300.0,AMEX,9988776655443
878,rajesh,998877104,SNAP,approved,300.0,AMEX,9988776655443
879,rajesh,998877104,SNAP,approved,300.0,AMEX,9988776655443
880,rajesh,998877104,SNAP,approved,300.0,AMEX,9988776655443
881,rajesh,998877104,SNAP,approved,300.0,AMEX,9988776655443
882,rajesh,998877104,SNAP,approved,300.0,AMEX,9988776655443
883,rajesh,998877104,SNAP,approved,300.0,AMEX,9988776655443
884,rajesh,998877104,SNAP,approved,300.0,AMEX,9988776655443
885,rajesh,998877104,SNAP,approved,300.0,AMEX,9988776655443
886,rajesh,998877104,SNAP,approved,300.0,AMEX,9988776655443
887,rajesh,998877104,SNAP,approved,300.0,AMEX,9988776655443
888,rajesh,998877104,SNAP,approved,300.0,AMEX,9988776655443
889,rajesh,998877104,SNAP,approved,300.0,AMEX,9988776655443
890,rajesh,998877104,SNAP,approved,300.0,AMEX,9988776655443
891,rajesh,998877104,SNAP,approved,300.0,AMEX,9988776655443
892,rajesh,998877104,SNAP,approved,300.0,AMEX,9988776655443
893,rajesh,998877104,SNAP,approved,300.0,AMEX,9988776655443
894,rajesh,998877104,SNAP,approved,300.0,AMEX,9988776655443
895,rajesh,998877104,SNAP,approved,300.0,AMEX,9988776655443
896,rajesh,998877104,SNAP,approved,300.0,AMEX,9988776655443
897,rajesh,998877104,SNAP,approved,300.0,AMEX,9988776655443
898,rajesh,998877104,SNAP,approved,300.0,AMEX,9988776655443
899,rajesh,998877104,SNAP,approved,300.0,AMEX,9988776655443
900,rajesh,998877104,SNAP,approved,300.0,AMEX,9988776655443
901,rajesh,998877104,SNAP,approved,300.0,AMEX,9988776655443
902,rajesh,998877104,SNAP,approved,300.0,AMEX,9988776655443
903,rajesh,998877104,SNAP,approved,300.0,AMEX,9988776655443
904,rajesh,998877104,SNAP,approved,300.0,AMEX,9988776655443
905,rajesh,998877104,SNAP,approved,300.0,AMEX,9988776655443
906,rajesh,998877104,SNAP,approved,300.0,AMEX,9988776655443
907,rajesh,998877104,SNAP,approved,300.0,AMEX,9988776655443
908,rajesh,998877104,SNAP,approved,300.0,AMEX,9988776655443
909,rajesh,998877104,SNAP,approved,300.0,AMEX,9988776655443
910,rajesh,998877104,SNAP,approved,300.0,AMEX,9988776655443
911,rajesh,998877104,SNAP,approved,300.0,AMEX,9988776655443
912,rajesh,998877104,SNAP,approved,300.0,AMEX,9988776655443
913,rajesh,998877104,SNAP,approved,300.0,AMEX,9988776655443
914,rajesh,998877104,SNAP,approved,300.0,AMEX,9988776655443
915,rajesh,998877104,SNAP,approved,300.0,AMEX,9988776655443
916,rajesh,998877104,SNAP,approved,300.0,AMEX,9988776655443
917,rajesh,998877104,SNAP,approved,300.0,AMEX,9988776655443
918,rajesh,998877104,SNAP,approved,300.0,AMEX,9988776655443
919,rajesh,998877104,SNAP,approved,300.0,AMEX,9988776655443
920,rajesh,998877104,SNAP,approved,300.0,AMEX,9988776655443
921,rajesh,998877104,SNAP,approved,300.0,AMEX,9988776655443
922,rajesh,998877104,SNAP,approved,300.0,AMEX,9988776655443
923,rajesh,998877104,SNAP,approved,300.0,AMEX,9988776655443
924,rajesh,998877104,SNAP,approved,300.0,AMEX,9988776655443
925,rajesh,998877104,SNAP,approved,300.0,AMEX,9988776655443
926,rajesh,998877104,SNAP,approved,300.0,AMEX,9988776655443
927,rajesh,998877104,SNAP,approved,300.0,AMEX,9988776655443
928,rajesh,998877104,SNAP,approved,300.0,AMEX,9988776655443
929,rajesh,998877104,SNAP,approved,300.0,AMEX,9988776655443
930,rajesh,998877104,SNAP,approved,300.0,AMEX,9988776655443
931,rajesh,998877104,SNAP,approved,300.0,AMEX,9988776655443
932,rajesh,998877104,SNAP,approved,300.0,AMEX,9988776655443
933,rajesh,998877104,SNAP,approved,300.0,AMEX,9988776655443
934,rajesh,998877104,SNAP,approved,300.0,AMEX,9988776655443
935,rajesh,998877104,SNAP,approved,300.0,AMEX,9988776655443
936,rajesh,998877104,SNAP,approved,300.0,AMEX,9988776655443
937,rajesh,998877104,SNAP,approved,300.0,AMEX,9988776655443
938,rajesh,998877104,SNAP,approved,300.0,AMEX,9988776655443
939,rajesh,998877104,SNAP,approved,300.0,AMEX,9988776655443
940,rajesh,998877104,SNAP,approved,300.0,AMEX,9988776655443
941,rajesh,998877104,SNAP,approved,300.0,AMEX,9988776655443
942,rajesh,998877104,SNAP,approved,300.0,AMEX,9988776655443
943,rajesh,998877104,SNAP,approved,300.0,AMEX,9988776655443
944,rajesh,998877104,SNAP,approved,300.0,AMEX,9988776655443
945,rajesh,998877104,SNAP,approved,300.0,AMEX,9988776655443
946,rajesh,998877104,SNAP,approved,300.0,AMEX,9988776655443
947,rajesh,998877104,SNAP,approved,300.0,AMEX,9988776655443
948,rajesh,998877104,SNAP,approved,300.0,AMEX,9988776655443
949,rajesh,998877104,SNAP,approved,300.0,AMEX,9988776655443
950,rajesh,998877104,SNAP,approved,300.0,AMEX,9988776655443
951,rajesh,998877104,SNAP,approved,300.0,AMEX,9988776655443
952,rajesh,998877104,SNAP,approved,300.0,AMEX,9988776655443
953,rajesh,998877104,SNAP,approved,300.0,AMEX,9988776655443
954,rajesh,998877104,SNAP,approved,300.0,AMEX,9988776655443
955,rajesh,998877104,SNAP,approved,300.0,AMEX,9988776655443
956,rajesh,998877104,SNAP,approved,300.0,AMEX,9988776655443
957,rajesh,998877104,SNAP,approved,300.0,AMEX,9988776655443
958,rajesh,998877104,SNAP,approved,300.0,AMEX,9988776655443
959,rajesh,998877104,SNAP,approved,300.0,AMEX,9988776655443
960,rajesh,998877104,SNAP,approved,300.0,AMEX,9988776655443
961,rajesh,998877104,SNAP,approved,300.0,AMEX,9988776655443
962,rajesh,998877104,SNAP,approved,300.0,AMEX,9988776655443
963,rajesh,998877104,SNAP,approved,300.0,AMEX,9988776655443
964,rajesh,998877104,SNAP,approved,300.0,AMEX,9988776655443
965,rajesh,998877104,SNAP,approved,300.0,AMEX,9988776655443
966,rajesh,998877104,SNAP,approved,300.0,AMEX,9988776655443
967,rajesh,998877104,SNAP,approved,300.0,AMEX,9988776655443
968,rajesh,998877104,SNAP,approved,300.0,AMEX,9988776655443
969,rajesh,998877104,SNAP,approved,300.0,AMEX,9988776655443
970,rajesh,998877104,SNAP,approved,300.0,AMEX,9988776655443
971,rajesh,998877104,SNAP,approved,300.0,AMEX,9988776655443
972,rajesh,998877104,SNAP,approved,300.0,AMEX,9988776655443
973,rajesh,998877104,SNAP,approved,300.0,AMEX,9988776655443
974,rajesh,998877104,SNAP,approved,300.0,AMEX,9988776655443
975,rajesh,998877104,SNAP,approved,300.0,AMEX,9988776655443
976,rajesh,998877104,SNAP,approved,300.0,AMEX,9988776655443
977,rajesh,998877104,SNAP,approved,300.0,AMEX,9988776655443
978,rajesh,998877104,SNAP,approved,300.0,AMEX,9988776655443
979,rajesh,998877104,SNAP,approved,300.0,AMEX,9988776655443
980,rajesh,998877104,SNAP,approved,300.0,AMEX,9988776655443
981,rajesh,998877104,SNAP,approved,300.0,AMEX,9988776655443
982,rajesh,998877104,SNAP,approved,300.0,AMEX,9988776655443
983,rajesh,998877104,SNAP,approved,300.0,AMEX,9988776655443
984,rajesh,998877104,SNAP,approved,300.0,AMEX,9988776655443
985,rajesh,998877104,SNAP,approved,300.0,AMEX,9988776655443
986,rajesh,998877104,SNAP,approved,300.0,AMEX,9988776655443
987,rajesh,998877104,SNAP,approved,300.0,AMEX,9988776655443
988,rajesh,998877104,SNAP,approved,300.0,AMEX,9988776655443
989,rajesh,998877104,SNAP,approved,300.0,AMEX,9988776655443
990,rajesh,998877104,SNAP,approved,300.0,AMEX,9988776655443
991,rajesh,998877104,SNAP,approved,300.0,AMEX,9988776655443
992,rajesh,998877104,SNAP,approved,300.0,AMEX,9988776655443
993,rajesh,998877104,SNAP,approved,300.0,AMEX,9988776655443
994,rajesh,998877104,SNAP,approved,300.0,AMEX,9988776655443
995,rajesh,998877104,SNAP,approved,300.0,AMEX,9988776655443
996,rajesh,998877104,SNAP,approved,300.0,AMEX,9988776655443
997,rajesh,998877104,SNAP,approved,300.0,AMEX,9988776655443
998,rajesh,998877104,SNAP,approved,300.0,AMEX,9988776655443
999,rajesh,998877104,SNAP,approved,300.0,AMEX,9988776655443
1000,rajesh,998877104,SNAP,approved,300.0,AMEX,9988776655443
